{
  "test_loss": 0.8907465934753418,
  "test_acc": 0.7404000163078308
}